{"cameraMode":{"drawMode":0,"name":"Shaded","section":"Shading Mode"},"sceneLighting":true,"audioPlay":false,"sceneViewState":{"m_AlwaysRefresh":false,"showFog":true,"showSkybox":true,"showFlares":true,"showImageEffects":true,"showParticleSystems":true,"showVisualEffectGraphs":true,"m_FxEnabled":true},"in2DMode":false,"pivot":{"x":-0.1752116084098816,"y":2.0263266563415529,"z":12.230072975158692},"rotation":{"x":-0.08688902854919434,"y":0.0841783657670021,"z":-0.007359580602496862,"w":-0.9926413893699646},"size":2.4093098640441896,"orthographic":false}